ADVENTURE-multi /disk/genetics/PGS/Aysu/PGS_Repo_pipeline/derived_data/6_MTAG_multi/ADVENTURE1/ADVENTURE1_trait_1_formatted.txt
ALLERGYCAT-multi /disk/genetics/PGS/Aysu/PGS_Repo_pipeline/derived_data/6_MTAG_multi/ALLERGYCAT1/ALLERGYCAT1_trait_1_formatted.txt
ALLERGYDUST-multi /disk/genetics/PGS/Aysu/PGS_Repo_pipeline/derived_data/6_MTAG_multi/ALLERGYDUST1/ALLERGYDUST1_trait_1_formatted.txt
ALLERGYPOLLEN-multi /disk/genetics/PGS/Aysu/PGS_Repo_pipeline/derived_data/6_MTAG_multi/ALLERGYPOLLEN1/ALLERGYPOLLEN1_trait_1_formatted.txt
ASTECZRHI-multi /disk/genetics/PGS/Aysu/PGS_Repo_pipeline/derived_data/6_MTAG_multi/ASTECZRHI1/ASTECZRHI1_trait_1_formatted.txt
ASTHMA-multi /disk/genetics/PGS/Aysu/PGS_Repo_pipeline/derived_data/6_MTAG_multi/ASTHMA1/ASTHMA1_trait_1_formatted.txt
DEP-multi /disk/genetics/PGS/Aysu/PGS_Repo_pipeline/derived_data/6_MTAG_multi/DEP1/DEP1_trait_1_formatted.txt
HAYFEVER-multi /disk/genetics/PGS/Aysu/PGS_Repo_pipeline/derived_data/6_MTAG_multi/HAYFEVER1/HAYFEVER1_trait_1_formatted.txt
LONELY-multi /disk/genetics/PGS/Aysu/PGS_Repo_pipeline/derived_data/6_MTAG_multi/LONELY1/LONELY1_trait_1_formatted.txt
NEURO-multi /disk/genetics/PGS/Aysu/PGS_Repo_pipeline/derived_data/6_MTAG_multi/NEURO1/NEURO1_trait_1_formatted.txt
RISK-multi /disk/genetics/PGS/Aysu/PGS_Repo_pipeline/derived_data/6_MTAG_multi/RISK1/RISK1_trait_1_formatted.txt
SELFHEALTH-multi /disk/genetics/PGS/Aysu/PGS_Repo_pipeline/derived_data/6_MTAG_multi/SELFHEALTH1/SELFHEALTH1_trait_1_formatted.txt
SWB-multi /disk/genetics/PGS/Aysu/PGS_Repo_pipeline/derived_data/6_MTAG_multi/SWB1/SWB1_trait_1_formatted.txt
