ADHD-multi /disk/genetics/PGS/Aysu/PGS_Repo_pipeline/derived_data/6_MTAG_multi/ADHD1/ADHD1_trait_1_formatted.txt
ADVENTURE-multi /disk/genetics/PGS/Aysu/PGS_Repo_pipeline/derived_data/6_MTAG_multi/ADVENTURE1/ADVENTURE1_trait_1_formatted.txt
AFB-multi /disk/genetics/PGS/Aysu/PGS_Repo_pipeline/derived_data/6_MTAG_multi/AFB2/AFB2_trait_1_formatted.txt
AGREE-multi /disk/genetics/PGS/Aysu/PGS_Repo_pipeline/derived_data/6_MTAG_multi/AGREE1/AGREE1_trait_1_formatted.txt
ALLERGYCAT-multi /disk/genetics/PGS/Aysu/PGS_Repo_pipeline/derived_data/6_MTAG_multi/ALLERGYCAT1/ALLERGYCAT1_trait_1_formatted.txt
ALLERGYDUST-multi /disk/genetics/PGS/Aysu/PGS_Repo_pipeline/derived_data/6_MTAG_multi/ALLERGYDUST1/ALLERGYDUST1_trait_1_formatted.txt
ALLERGYPOLLEN-multi /disk/genetics/PGS/Aysu/PGS_Repo_pipeline/derived_data/6_MTAG_multi/ALLERGYPOLLEN1/ALLERGYPOLLEN1_trait_1_formatted.txt
ASTECZRHI-multi /disk/genetics/PGS/Aysu/PGS_Repo_pipeline/derived_data/6_MTAG_multi/ASTECZRHI1/ASTECZRHI1_trait_1_formatted.txt
ASTHMA-multi /disk/genetics/PGS/Aysu/PGS_Repo_pipeline/derived_data/6_MTAG_multi/ASTHMA1/ASTHMA1_trait_1_formatted.txt
AUDIT-multi /disk/genetics/PGS/Aysu/PGS_Repo_pipeline/derived_data/6_MTAG_multi/AUDIT2/AUDIT2_trait_1_formatted.txt
COGEMP-multi /disk/genetics/PGS/Aysu/PGS_Repo_pipeline/derived_data/6_MTAG_multi/COGEMP1/COGEMP1_trait_1_formatted.txt
COPD-multi /disk/genetics/PGS/Aysu/PGS_Repo_pipeline/derived_data/6_MTAG_multi/COPD1/COPD1_trait_1_formatted.txt
CP-multi /disk/genetics/PGS/Aysu/PGS_Repo_pipeline/derived_data/6_MTAG_multi/CP1/CP1_trait_1_formatted.txt
DELAYDISC-multi /disk/genetics/PGS/Aysu/PGS_Repo_pipeline/derived_data/6_MTAG_multi/DELAYDISC1/DELAYDISC1_trait_1_formatted.txt
DEP-multi /disk/genetics/PGS/Aysu/PGS_Repo_pipeline/derived_data/6_MTAG_multi/DEP1/DEP1_trait_1_formatted.txt
DPW-multi /disk/genetics/PGS/Aysu/PGS_Repo_pipeline/derived_data/6_MTAG_multi/DPW2/DPW2_trait_1_formatted.txt
EA-multi /disk/genetics/PGS/Aysu/PGS_Repo_pipeline/derived_data/6_MTAG_multi/EA1/EA1_trait_1_formatted.txt
EXTRA-multi /disk/genetics/PGS/Aysu/PGS_Repo_pipeline/derived_data/6_MTAG_multi/EXTRA1/EXTRA1_trait_1_formatted.txt
FAMSAT-multi /disk/genetics/PGS/Aysu/PGS_Repo_pipeline/derived_data/6_MTAG_multi/FAMSAT1/FAMSAT1_trait_1_formatted.txt
FINSAT-multi /disk/genetics/PGS/Aysu/PGS_Repo_pipeline/derived_data/6_MTAG_multi/FINSAT1/FINSAT1_trait_1_formatted.txt
FRIENDSAT-multi /disk/genetics/PGS/Aysu/PGS_Repo_pipeline/derived_data/6_MTAG_multi/FRIENDSAT1/FRIENDSAT1_trait_1_formatted.txt
HAYFEVER-multi /disk/genetics/PGS/Aysu/PGS_Repo_pipeline/derived_data/6_MTAG_multi/HAYFEVER1/HAYFEVER1_trait_1_formatted.txt
HIGHMATH-multi /disk/genetics/PGS/Aysu/PGS_Repo_pipeline/derived_data/6_MTAG_multi/HIGHMATH1/HIGHMATH1_trait_1_formatted.txt
LEFTOUT-multi /disk/genetics/PGS/Aysu/PGS_Repo_pipeline/derived_data/6_MTAG_multi/LEFTOUT1/LEFTOUT1_trait_1_formatted.txt
LONELY-multi /disk/genetics/PGS/Aysu/PGS_Repo_pipeline/derived_data/6_MTAG_multi/LONELY1/LONELY1_trait_1_formatted.txt
MENARCHE-multi /disk/genetics/PGS/Aysu/PGS_Repo_pipeline/derived_data/6_MTAG_multi/MENARCHE1/MENARCHE1_trait_1_formatted.txt
NEBmen-multi /disk/genetics/PGS/Aysu/PGS_Repo_pipeline/derived_data/6_MTAG_multi/NEBmen2/NEBmen2_trait_1_formatted.txt
NEBwomen-multi /disk/genetics/PGS/Aysu/PGS_Repo_pipeline/derived_data/6_MTAG_multi/NEBwomen2/NEBwomen2_trait_1_formatted.txt
NEURO-multi /disk/genetics/PGS/Aysu/PGS_Repo_pipeline/derived_data/6_MTAG_multi/NEURO1/NEURO1_trait_1_formatted.txt
RELIGATT-multi /disk/genetics/PGS/Aysu/PGS_Repo_pipeline/derived_data/6_MTAG_multi/RELIGATT1/RELIGATT1_trait_1_formatted.txt
RISK-multi /disk/genetics/PGS/Aysu/PGS_Repo_pipeline/derived_data/6_MTAG_multi/RISK1/RISK1_trait_1_formatted.txt
SELFHEALTH-multi /disk/genetics/PGS/Aysu/PGS_Repo_pipeline/derived_data/6_MTAG_multi/SELFHEALTH1/SELFHEALTH1_trait_1_formatted.txt
SELFMATH-multi /disk/genetics/PGS/Aysu/PGS_Repo_pipeline/derived_data/6_MTAG_multi/SELFMATH1/SELFMATH1_trait_1_formatted.txt
SWB-multi /disk/genetics/PGS/Aysu/PGS_Repo_pipeline/derived_data/6_MTAG_multi/SWB1/SWB1_trait_1_formatted.txt
VOICEDEEP-multi /disk/genetics/PGS/Aysu/PGS_Repo_pipeline/derived_data/6_MTAG_multi/VOICEDEEP1/VOICEDEEP1_trait_1_formatted.txt
WORKSAT-multi /disk/genetics/PGS/Aysu/PGS_Repo_pipeline/derived_data/6_MTAG_multi/WORKSAT1/WORKSAT1_trait_1_formatted.txt
